char,url,test
芭芭拉,https://www.aplaybox.com/details/model/qo9KkMTDFNl3
琴,https://www.aplaybox.com/details/model/p6wJAW4O4dar
枫原万叶,https://www.aplaybox.com/details/model/5Xqzf01Vgk2K
早柚,https://www.aplaybox.com/details/model/nQZp3tG5696C
九条裟罗,https://www.aplaybox.com/details/model/0Yz0LoUaUcdj
雷电将军,https://www.aplaybox.com/details/model/MxWT1GhpcLKt
珊瑚宫心海,https://www.aplaybox.com/details/model/HliWiX8hjaaX
行秋,https://www.aplaybox.com/details/model/5kancS1pPFne
凝光,https://www.aplaybox.com/details/model/1jc3IXj1H32j
重云,https://www.aplaybox.com/details/model/034PRtN2lnIP
优菈,https://www.aplaybox.com/details/model/bVTHt5KzgqH4
托马,https://www.aplaybox.com/details/model/CKgc57DF0b24
胡桃,https://www.aplaybox.com/details/model/VdPwhOUMDRNs
神里绫华,https://www.aplaybox.com/details/model/4Df5bmpQvE78
阿贝多,https://www.aplaybox.com/details/model/0L58srYRiezU
班尼特,https://www.aplaybox.com/details/model/GD33O0dMcYec
诺艾尔,https://www.aplaybox.com/details/model/s620OQ2UgRu7
砂糖,https://www.aplaybox.com/details/model/LXbOVepFhfRw
凯亚,https://www.aplaybox.com/details/model/r3xvZff7Wnfi
甘雨,https://www.aplaybox.com/details/model/xfyv7yIWHaxH
五郎,https://www.aplaybox.com/details/model/8pEHYezJQPnf
荒泷一斗,https://www.aplaybox.com/details/model/J5RzknVytYVn
申鹤,https://www.aplaybox.com/details/model/TkwFA6kIB6dK
魈,https://www.aplaybox.com/details/model/HNM82GeGCNNz
幽兰凝光,https://www.aplaybox.com/details/model/NLqJlduCZD5R
云堇,https://www.aplaybox.com/details/model/HsAbrYZUPEgC
翩跹刻晴,https://www.aplaybox.com/details/model/BHT8uTY9U4HV,*
神里绫人,https://www.aplaybox.com/details/model/z2xpSgHizEhZ
夜兰,https://www.aplaybox.com/details/model/PaAbgpshEhYT
八重神子,https://www.aplaybox.com/details/model/Et8gGS7zJnwK
夜兰,https://www.aplaybox.com/details/model/PaAbgpshEhYT
达达利亚,https://www.aplaybox.com/details/model/Knhcz9ufQ17g
钟离,https://www.aplaybox.com/details/model/pbm4dizNIXbC
久岐忍,https://www.aplaybox.com/details/model/U5MvrAGYCaX2
迪卢克,https://www.aplaybox.com/details/model/St8XVTH64P8y
菲谢尔,https://www.aplaybox.com/details/model/sllsMRjbK8Ve
鹿野院平藏,https://www.aplaybox.com/details/model/5ajUsSZmmHtT
提纳里,https://www.aplaybox.com/details/model/CZERYcMh0XQ9
柯莱,https://www.aplaybox.com/details/model/ASMfR4mATVtn
多莉,https://www.aplaybox.com/details/model/ZNxABbMPJcRF
赛诺,https://www.aplaybox.com/details/model/SAyLEQPsvH8d
坎蒂丝,https://www.aplaybox.com/details/model/zGPnvk7ZLuWl
妮露,https://www.aplaybox.com/details/model/xuBcQCqsVWfC
莱依拉,https://www.aplaybox.com/details/model/5YMGxWZYkwo2
珐露珊,https://www.aplaybox.com/details/model/vawsmuJCzAC8
流浪者,https://www.aplaybox.com/details/model/ByIr97MuisgW
瑶瑶,https://www.aplaybox.com/details/model/RN9SQlflXJxp
艾尔海森,https://www.aplaybox.com/details/model/zlKhZPAREYnj
丽莎,https://www.aplaybox.com/details/model/6Qe6WdeoBcr9
来信神里绫华,https://www.aplaybox.com/details/model/QNJd4qIUf1iL
七七,https://www.aplaybox.com/details/model/DPEFR8XQkDh6
荧,https://www.aplaybox.com/details/model/fyxu1HgyD14n,*
迪希雅,https://www.aplaybox.com/details/model/6KDkFsLfMMJz
白术,https://www.aplaybox.com/details/model/lHfi4VknT3Oj
纳西妲,https://www.aplaybox.com/details/model/3XMecJvZbStp
卡维,https://www.aplaybox.com/details/model/v4TaX67DhKuu
空,https://www.aplaybox.com/details/model/bOZY8G2HosWi
雷泽,https://www.aplaybox.com/details/model/MnN9yPCwyj5R
安柏,https://www.aplaybox.com/details/model/XCSQERCQQGcx
莫娜,https://www.aplaybox.com/details/model/DzbWAemhO2xw
可莉,https://www.aplaybox.com/details/model/pA9KTQ2lV2Y3
迪奥娜,https://www.aplaybox.com/details/model/0UbZDYEqHK6y
烟绯,https://www.aplaybox.com/details/model/XZuWOsBaH5Pa
辛焱,https://www.aplaybox.com/details/model/hMQlpz43XB7w
香菱,https://www.aplaybox.com/details/model/t4ElwbdPgnnJ
绮良良,https://www.aplaybox.com/details/model/uG1TbR2lcoy4
温迪,https://www.aplaybox.com/details/model/8wUtHlc20Tcr
彦卿,https://www.aplaybox.com/details/model/BbouJB2vGqv8
白露,https://www.aplaybox.com/details/model/qBbxSWb45Y7w
阿兰,https://www.aplaybox.com/details/model/zA6toorpp3WB
艾丝妲,https://www.aplaybox.com/details/model/4z4uMPjEw90d
布洛妮娅,https://www.aplaybox.com/details/model/JeXKhs3UppyD
丹恒,https://www.aplaybox.com/details/model/IN7LesFUd7DJ
黑塔,https://www.aplaybox.com/details/model/0dSde2NajZJV
虎克,https://www.aplaybox.com/details/model/wntvHsvhER41
姬子,https://www.aplaybox.com/details/model/njsAZlQxJfML
杰帕德,https://www.aplaybox.com/details/model/OUSmP9FctPKv
景元,https://www.aplaybox.com/details/model/Wv46vqKmbHdK
卡芙卡,https://www.aplaybox.com/details/model/bOYWnQA9E17D
克拉拉,https://www.aplaybox.com/details/model/pPamsfJDa0KD
李素裳,https://www.aplaybox.com/details/model/M2p0xlI6BZtW
银狼,https://www.aplaybox.com/details/model/gCVt4sI7swg9,*
瓦尔特,https://www.aplaybox.com/details/model/zLLxItbgP7AU
女主,https://www.aplaybox.com/details/model/sCMNoZdbjDi1
娜塔莎,https://www.aplaybox.com/details/model/AGfAqLtzZvYm
三月七,https://www.aplaybox.com/details/model/CLCDE3lCEAbR,*
青雀,https://www.aplaybox.com/details/model/skMNekmT0j6l
停云,https://www.aplaybox.com/details/model/yj6YF2Eh8JXI
桑博,https://www.aplaybox.com/details/model/qCcM5k8GCKdj
驭空,https://www.aplaybox.com/details/model/ZMTt7ua5xyS5
希儿,https://www.aplaybox.com/details/model/qbUMM30FeXv9
罗刹,https://www.aplaybox.com/details/model/H4Ielj3oGDDF
符玄,https://www.aplaybox.com/details/model/fNtQYrX2MUOU
希露瓦,https://www.aplaybox.com/details/model/KBe6q1QgK4Rr
男主,https://www.aplaybox.com/details/model/AnkEtaUw8Hdn,*
刃,https://www.aplaybox.com/details/model/wRZEBlcwfO1W
卢卡,https://www.aplaybox.com/details/model/71ZRdeHwtNqH
饮月君,https://www.aplaybox.com/details/model/kJs6A8ZBvaRl
玲可,https://www.aplaybox.com/details/model/h1nmWKfF4gst
桂乃芬,https://www.aplaybox.com/details/model/5oK9BVePkfTE
镜流,https://www.aplaybox.com/details/model/qWJY7KGPsU9F
托帕,https://www.aplaybox.com/details/model/ICujOCvw83ly